trip_id,start_date,subscriber_type,start_station_name,start_station_id
1075615,2016-01-29 02:55:00.000000 UTC,Subscriber,Sequoia Hospital,21
1123927,2016-03-14 18:08:00.000000 UTC,Subscriber,Redwood City Caltrain Station,22
1123325,2016-03-14 11:38:00.000000 UTC,Subscriber,Sequoia Hospital,21
1124273,2016-03-15 07:20:00.000000 UTC,Subscriber,Sequoia Hospital,21
1140802,2016-03-29 08:32:00.000000 UTC,Subscriber,Redwood City Caltrain Station,22
1077375,2016-02-01 07:58:00.000000 UTC,Subscriber,Redwood City Caltrain Station,22
1125197,2016-03-15 16:39:00.000000 UTC,Subscriber,Redwood City Caltrain Station,22
1138411,2016-03-26 16:08:00.000000 UTC,Subscriber,Redwood City Caltrain Station,22
1063239,2016-01-16 18:11:00.000000 UTC,Subscriber,Redwood City Caltrain Station,22
1129578,2016-03-18 14:58:00.000000 UTC,Subscriber,Redwood City Caltrain Station,22
1101147,2016-02-22 15:05:00.000000 UTC,Subscriber,Redwood City Caltrain Station,22
1094674,2016-02-16 12:19:00.000000 UTC,Subscriber,San Mateo County Center,23
1098960,2016-02-19 15:01:00.000000 UTC,Subscriber,San Mateo County Center,23
1124946,2016-03-15 13:11:00.000000 UTC,Subscriber,Redwood City Public Library,24
1067095,2016-01-21 10:43:00.000000 UTC,Subscriber,Redwood City Public Library,24
1096574,2016-02-17 17:12:00.000000 UTC,Subscriber,Stanford in Redwood City,25
1129774,2016-03-18 16:59:00.000000 UTC,Subscriber,Stanford in Redwood City,25
1133210,2016-03-22 17:09:00.000000 UTC,Subscriber,Stanford in Redwood City,25
1131778,2016-03-21 17:11:00.000000 UTC,Subscriber,Stanford in Redwood City,25
1136388,2016-03-24 17:10:00.000000 UTC,Subscriber,Stanford in Redwood City,25
1123690,2016-03-14 17:09:00.000000 UTC,Subscriber,Stanford in Redwood City,25
1099132,2016-02-19 17:10:00.000000 UTC,Subscriber,Stanford in Redwood City,25
1091997,2016-02-12 17:08:00.000000 UTC,Subscriber,Stanford in Redwood City,25
1114494,2016-03-03 17:10:00.000000 UTC,Subscriber,Stanford in Redwood City,25
1097828,2016-02-18 17:07:00.000000 UTC,Subscriber,Stanford in Redwood City,25
1126914,2016-03-16 17:12:00.000000 UTC,Subscriber,Stanford in Redwood City,25
1073523,2016-01-27 17:04:00.000000 UTC,Subscriber,Stanford in Redwood City,25
1121990,2016-03-11 15:47:00.000000 UTC,Subscriber,Stanford in Redwood City,25
1104577,2016-02-24 17:09:00.000000 UTC,Subscriber,Stanford in Redwood City,25
1115670,2016-03-04 17:12:00.000000 UTC,Subscriber,Stanford in Redwood City,25
1139995,2016-03-28 17:08:00.000000 UTC,Subscriber,Stanford in Redwood City,25
1058776,2016-01-12 17:06:00.000000 UTC,Subscriber,Stanford in Redwood City,25
1064629,2016-01-19 17:05:00.000000 UTC,Subscriber,Stanford in Redwood City,25
1070385,2016-01-25 16:58:00.000000 UTC,Subscriber,Stanford in Redwood City,25
1095059,2016-02-16 17:11:00.000000 UTC,Subscriber,Stanford in Redwood City,25
1125302,2016-03-15 17:09:00.000000 UTC,Subscriber,Stanford in Redwood City,25
1068400,2016-01-22 16:52:00.000000 UTC,Subscriber,Stanford in Redwood City,25
1052160,2016-01-05 17:10:00.000000 UTC,Subscriber,Stanford in Redwood City,25
1109848,2016-02-29 17:07:00.000000 UTC,Subscriber,Stanford in Redwood City,25
1090544,2016-02-11 17:07:00.000000 UTC,Subscriber,Stanford in Redwood City,25
1106156,2016-02-25 17:06:00.000000 UTC,Subscriber,Stanford in Redwood City,25
1085875,2016-02-08 17:00:00.000000 UTC,Subscriber,Stanford in Redwood City,25
1143371,2016-03-30 17:11:00.000000 UTC,Subscriber,Stanford in Redwood City,25
1121385,2016-03-10 17:11:00.000000 UTC,Subscriber,Stanford in Redwood City,25
1071957,2016-01-26 17:04:00.000000 UTC,Subscriber,Stanford in Redwood City,25
1117326,2016-03-07 17:11:00.000000 UTC,Subscriber,Stanford in Redwood City,25
1083532,2016-02-05 17:07:00.000000 UTC,Subscriber,Stanford in Redwood City,25
1128453,2016-03-17 17:11:00.000000 UTC,Subscriber,Stanford in Redwood City,25
1087449,2016-02-09 17:10:00.000000 UTC,Subscriber,Stanford in Redwood City,25
1079384,2016-02-02 17:06:00.000000 UTC,Subscriber,Stanford in Redwood City,25
1111431,2016-03-01 17:07:00.000000 UTC,Subscriber,Stanford in Redwood City,25
1103055,2016-02-23 17:10:00.000000 UTC,Subscriber,Stanford in Redwood City,25
1063948,2016-01-18 17:01:00.000000 UTC,Subscriber,Stanford in Redwood City,25
1118877,2016-03-08 17:08:00.000000 UTC,Subscriber,Stanford in Redwood City,25
1080796,2016-02-03 17:05:00.000000 UTC,Subscriber,Stanford in Redwood City,25
1061462,2016-01-14 17:03:00.000000 UTC,Subscriber,Stanford in Redwood City,25
1101385,2016-02-22 17:02:00.000000 UTC,Subscriber,Stanford in Redwood City,25
1137765,2016-03-25 17:06:00.000000 UTC,Subscriber,Stanford in Redwood City,25
1097991,2016-02-18 18:04:00.000000 UTC,Subscriber,Stanford in Redwood City,25
1120227,2016-03-09 17:14:00.000000 UTC,Subscriber,Stanford in Redwood City,25
1076282,2016-01-29 17:05:00.000000 UTC,Subscriber,Stanford in Redwood City,25
1057310,2016-01-11 17:07:00.000000 UTC,Subscriber,Stanford in Redwood City,25
1141581,2016-03-29 17:09:00.000000 UTC,Subscriber,Stanford in Redwood City,25
1078149,2016-02-01 17:00:00.000000 UTC,Subscriber,Stanford in Redwood City,25
1066102,2016-01-20 17:13:00.000000 UTC,Subscriber,Stanford in Redwood City,25
1134769,2016-03-23 17:05:00.000000 UTC,Subscriber,Stanford in Redwood City,25
1060171,2016-01-13 16:59:00.000000 UTC,Subscriber,Stanford in Redwood City,25
1055531,2016-01-08 17:00:00.000000 UTC,Subscriber,Stanford in Redwood City,25
1088918,2016-02-10 17:04:00.000000 UTC,Subscriber,Stanford in Redwood City,25
1067501,2016-01-21 16:59:00.000000 UTC,Subscriber,Stanford in Redwood City,25
1107584,2016-02-26 17:10:00.000000 UTC,Subscriber,Stanford in Redwood City,25
1123645,2016-03-14 16:58:00.000000 UTC,Subscriber,Stanford in Redwood City,25
1115228,2016-03-04 08:57:00.000000 UTC,Subscriber,Stanford in Redwood City,25
1136529,2016-03-24 17:53:00.000000 UTC,Subscriber,Stanford in Redwood City,25
1083698,2016-02-05 18:00:00.000000 UTC,Subscriber,Stanford in Redwood City,25
1080463,2016-02-03 12:18:00.000000 UTC,Subscriber,Stanford in Redwood City,25
1073273,2016-01-27 14:38:00.000000 UTC,Subscriber,Stanford in Redwood City,25
1075015,2016-01-28 16:27:00.000000 UTC,Subscriber,Stanford in Redwood City,25
1106031,2016-02-25 16:29:00.000000 UTC,Subscriber,Stanford in Redwood City,25
1090453,2016-02-11 16:30:00.000000 UTC,Subscriber,Stanford in Redwood City,25
1102924,2016-02-23 16:26:00.000000 UTC,Subscriber,Stanford in Redwood City,25
1065926,2016-01-20 16:25:00.000000 UTC,Subscriber,Stanford in Redwood City,25
1104428,2016-02-24 16:24:00.000000 UTC,Subscriber,Stanford in Redwood City,25
1102923,2016-02-23 16:26:00.000000 UTC,Subscriber,Stanford in Redwood City,25
1141409,2016-03-29 16:07:00.000000 UTC,Subscriber,Stanford in Redwood City,25
1101290,2016-02-22 16:28:00.000000 UTC,Subscriber,Stanford in Redwood City,25
1074977,2016-01-28 16:08:00.000000 UTC,Subscriber,Stanford in Redwood City,25
1114340,2016-03-03 16:06:00.000000 UTC,Subscriber,Stanford in Redwood City,25
1065932,2016-01-20 16:26:00.000000 UTC,Subscriber,Stanford in Redwood City,25
1112903,2016-03-02 16:07:00.000000 UTC,Subscriber,Stanford in Redwood City,25
1136209,2016-03-24 16:05:00.000000 UTC,Subscriber,Stanford in Redwood City,25
1137663,2016-03-25 16:29:00.000000 UTC,Subscriber,Stanford in Redwood City,25
1085729,2016-02-08 16:06:00.000000 UTC,Subscriber,Stanford in Redwood City,25
1060085,2016-01-13 16:28:00.000000 UTC,Subscriber,Stanford in Redwood City,25
1125131,2016-03-15 16:08:00.000000 UTC,Subscriber,Stanford in Redwood City,25
1088788,2016-02-10 16:08:00.000000 UTC,Subscriber,Stanford in Redwood City,25
1105990,2016-02-25 16:08:00.000000 UTC,Subscriber,Stanford in Redwood City,25
1129664,2016-03-18 16:08:00.000000 UTC,Subscriber,Stanford in Redwood City,25
1080655,2016-02-03 16:07:00.000000 UTC,Subscriber,Stanford in Redwood City,25
1126729,2016-03-16 16:09:00.000000 UTC,Subscriber,Stanford in Redwood City,25
1057149,2016-01-11 16:05:00.000000 UTC,Subscriber,Stanford in Redwood City,25
1132629,2016-03-22 09:26:00.000000 UTC,Subscriber,Stanford in Redwood City,25
1142958,2016-03-30 11:59:00.000000 UTC,Subscriber,Stanford in Redwood City,25
1126373,2016-03-16 10:13:00.000000 UTC,Subscriber,Stanford in Redwood City,25
1086123,2016-02-08 18:08:00.000000 UTC,Subscriber,Kaiser Hospital,26
1066107,2016-01-20 17:14:00.000000 UTC,Subscriber,Kaiser Hospital,26
1099283,2016-02-19 18:17:00.000000 UTC,Subscriber,Kaiser Hospital,26
1080819,2016-02-03 17:11:00.000000 UTC,Subscriber,Kaiser Hospital,26
1055740,2016-01-08 18:06:00.000000 UTC,Subscriber,Kaiser Hospital,26
1096583,2016-02-17 17:14:00.000000 UTC,Subscriber,Kaiser Hospital,26
1060238,2016-01-13 17:13:00.000000 UTC,Subscriber,Kaiser Hospital,26
1088953,2016-02-10 17:11:00.000000 UTC,Subscriber,Kaiser Hospital,26
1131948,2016-03-21 18:21:00.000000 UTC,Subscriber,Kaiser Hospital,26
1075347,2016-01-28 18:08:00.000000 UTC,Subscriber,Kaiser Hospital,26
1101652,2016-02-22 18:13:00.000000 UTC,Subscriber,Kaiser Hospital,26
1126917,2016-03-16 17:13:00.000000 UTC,Subscriber,Kaiser Hospital,26
1095063,2016-02-16 17:12:00.000000 UTC,Subscriber,Kaiser Hospital,26
1067823,2016-01-21 18:57:00.000000 UTC,Subscriber,Kaiser Hospital,26
1057547,2016-01-11 18:13:00.000000 UTC,Subscriber,Kaiser Hospital,26
1073560,2016-01-27 17:11:00.000000 UTC,Subscriber,Kaiser Hospital,26
1106396,2016-02-25 18:15:00.000000 UTC,Subscriber,Kaiser Hospital,26
1113110,2016-03-02 17:13:00.000000 UTC,Subscriber,Kaiser Hospital,26
1115625,2016-03-04 16:54:00.000000 UTC,Subscriber,Kaiser Hospital,26
1092202,2016-02-12 18:18:00.000000 UTC,Subscriber,Kaiser Hospital,26
1090569,2016-02-11 17:12:00.000000 UTC,Subscriber,Kaiser Hospital,26
1117559,2016-03-07 18:17:00.000000 UTC,Subscriber,Kaiser Hospital,26
1062879,2016-01-15 18:07:00.000000 UTC,Subscriber,Kaiser Hospital,26
1140241,2016-03-28 18:12:00.000000 UTC,Subscriber,Kaiser Hospital,26
1061473,2016-01-14 17:11:00.000000 UTC,Subscriber,Kaiser Hospital,26
1083721,2016-02-05 18:14:00.000000 UTC,Subscriber,Kaiser Hospital,26
1129949,2016-03-18 17:49:00.000000 UTC,Subscriber,Kaiser Hospital,26
1123942,2016-03-14 18:11:00.000000 UTC,Subscriber,Kaiser Hospital,26
1054258,2016-01-07 17:12:00.000000 UTC,Subscriber,Kaiser Hospital,26
1098120,2016-02-18 19:01:00.000000 UTC,Subscriber,Kaiser Hospital,26
1076299,2016-01-29 17:13:00.000000 UTC,Subscriber,Kaiser Hospital,26
1136424,2016-03-24 17:18:00.000000 UTC,Subscriber,Kaiser Hospital,26
1134791,2016-03-23 17:08:00.000000 UTC,Subscriber,Kaiser Hospital,26
1107599,2016-02-26 17:14:00.000000 UTC,Subscriber,Kaiser Hospital,26
1121346,2016-03-10 16:07:00.000000 UTC,Subscriber,Kaiser Hospital,26
1137779,2016-03-25 17:12:00.000000 UTC,Subscriber,Kaiser Hospital,26
1114503,2016-03-03 17:11:00.000000 UTC,Subscriber,Kaiser Hospital,26
1104593,2016-02-24 17:12:00.000000 UTC,Subscriber,Kaiser Hospital,26
1143381,2016-03-30 17:13:00.000000 UTC,Subscriber,Kaiser Hospital,26
1078409,2016-02-01 18:21:00.000000 UTC,Subscriber,Kaiser Hospital,26
1120219,2016-03-09 17:13:00.000000 UTC,Subscriber,Kaiser Hospital,26
1053035,2016-01-06 17:11:00.000000 UTC,Subscriber,Kaiser Hospital,26
1057583,2016-01-11 18:30:00.000000 UTC,Subscriber,Kaiser Hospital,26
1139204,2016-03-28 08:22:00.000000 UTC,Subscriber,Mezes,83
1081463,2016-02-04 08:16:00.000000 UTC,Subscriber,Mezes,83
1113767,2016-03-03 08:15:00.000000 UTC,Subscriber,Mezes,83
1129078,2016-03-18 08:13:00.000000 UTC,Subscriber,Mezes,83
1085050,2016-02-08 08:15:00.000000 UTC,Subscriber,Mezes,83
1077436,2016-02-01 08:11:00.000000 UTC,Subscriber,Mezes,83
1132357,2016-03-22 08:14:00.000000 UTC,Subscriber,Mezes,83
1110552,2016-03-01 08:18:00.000000 UTC,Subscriber,Mezes,83
1061786,2016-01-15 07:30:00.000000 UTC,Subscriber,Mezes,83
1068089,2016-01-22 08:12:00.000000 UTC,Subscriber,Mezes,83
1130146,2016-03-18 20:35:00.000000 UTC,Subscriber,Mezes,83
1124459,2016-03-15 08:19:00.000000 UTC,Subscriber,Mezes,83
1122805,2016-03-14 07:36:00.000000 UTC,Subscriber,Mezes,83
1100489,2016-02-22 08:16:00.000000 UTC,Subscriber,Mezes,83
1140741,2016-03-29 08:20:00.000000 UTC,Subscriber,Mezes,83
1106786,2016-02-26 08:14:00.000000 UTC,Subscriber,Mezes,83
1115161,2016-03-04 08:24:00.000000 UTC,Subscriber,Mezes,83
1120928,2016-03-10 08:21:00.000000 UTC,Subscriber,Mezes,83
1097045,2016-02-18 08:16:00.000000 UTC,Subscriber,Mezes,83
1069586,2016-01-25 08:12:00.000000 UTC,Subscriber,Mezes,83
1137031,2016-03-25 08:21:00.000000 UTC,Subscriber,Mezes,83
1059438,2016-01-13 08:12:00.000000 UTC,Subscriber,Mezes,83
1082788,2016-02-05 08:13:00.000000 UTC,Subscriber,Mezes,83
1135528,2016-03-24 08:22:00.000000 UTC,Subscriber,Mezes,83
1060330,2016-01-13 17:42:00.000000 UTC,Subscriber,Redwood City Caltrain Station,22
1085545,2016-02-08 12:43:00.000000 UTC,Subscriber,San Mateo County Center,23
1051112,2016-01-04 13:34:00.000000 UTC,Subscriber,San Mateo County Center,23
1059847,2016-01-13 12:21:00.000000 UTC,Subscriber,San Mateo County Center,23
1087051,2016-02-09 11:59:00.000000 UTC,Subscriber,San Mateo County Center,23
1123334,2016-03-14 11:47:00.000000 UTC,Subscriber,San Mateo County Center,23
1119756,2016-03-09 10:31:00.000000 UTC,Subscriber,San Mateo County Center,23
1096319,2016-02-17 13:10:00.000000 UTC,Subscriber,Redwood City Public Library,24
1065726,2016-01-20 13:04:00.000000 UTC,Subscriber,Redwood City Public Library,24
1135084,2016-03-23 18:34:00.000000 UTC,Subscriber,Stanford in Redwood City,25
1136581,2016-03-24 18:09:00.000000 UTC,Subscriber,Stanford in Redwood City,25
1131988,2016-03-21 18:32:00.000000 UTC,Subscriber,Stanford in Redwood City,25
1104785,2016-02-24 18:06:00.000000 UTC,Subscriber,Stanford in Redwood City,25
1111679,2016-03-01 18:05:00.000000 UTC,Subscriber,Stanford in Redwood City,25
1139894,2016-03-28 16:34:00.000000 UTC,Subscriber,Stanford in Redwood City,25
1091891,2016-02-12 16:29:00.000000 UTC,Subscriber,Stanford in Redwood City,25
1091893,2016-02-12 16:29:00.000000 UTC,Subscriber,Stanford in Redwood City,25
1082129,2016-02-04 16:27:00.000000 UTC,Subscriber,Stanford in Redwood City,25
1107246,2016-02-26 13:00:00.000000 UTC,Subscriber,Stanford in Redwood City,25
1076126,2016-01-29 13:42:00.000000 UTC,Subscriber,Kaiser Hospital,26
1090151,2016-02-11 12:13:00.000000 UTC,Subscriber,Kaiser Hospital,26
1119905,2016-03-09 13:02:00.000000 UTC,Subscriber,Kaiser Hospital,26
1111250,2016-03-01 16:19:00.000000 UTC,Subscriber,Kaiser Hospital,26
1060759,2016-01-14 07:56:00.000000 UTC,Subscriber,Mezes,83
1113479,2016-03-02 20:20:00.000000 UTC,Subscriber,Redwood City Caltrain Station,22
1099264,2016-02-19 18:08:00.000000 UTC,Subscriber,Redwood City Caltrain Station,22
1113481,2016-03-02 20:20:00.000000 UTC,Subscriber,Redwood City Caltrain Station,22
1065671,2016-01-20 12:07:00.000000 UTC,Subscriber,San Mateo County Center,23
1096282,2016-02-17 12:35:00.000000 UTC,Subscriber,San Mateo County Center,23
1058396,2016-01-12 11:33:00.000000 UTC,Subscriber,San Mateo County Center,23
1112728,2016-03-02 13:05:00.000000 UTC,Subscriber,San Mateo County Center,23
1108107,2016-02-27 11:46:00.000000 UTC,Subscriber,Redwood City Public Library,24
1082597,2016-02-04 21:41:00.000000 UTC,Subscriber,Redwood City Public Library,24
1130970,2016-03-21 07:49:00.000000 UTC,Subscriber,Redwood City Caltrain Station,22
1069514,2016-01-25 07:56:00.000000 UTC,Subscriber,Redwood City Caltrain Station,22
1106738,2016-02-26 08:00:00.000000 UTC,Subscriber,Redwood City Caltrain Station,22
1139125,2016-03-28 08:00:00.000000 UTC,Subscriber,Redwood City Caltrain Station,22
1110474,2016-03-01 07:57:00.000000 UTC,Subscriber,Redwood City Caltrain Station,22
1079972,2016-02-03 07:56:00.000000 UTC,Subscriber,Redwood City Caltrain Station,22
1124573,2016-03-15 08:55:00.000000 UTC,Subscriber,Redwood City Caltrain Station,22
1089902,2016-02-11 09:19:00.000000 UTC,Subscriber,Redwood City Caltrain Station,22
1142247,2016-03-30 07:56:00.000000 UTC,Subscriber,Redwood City Caltrain Station,22
1140664,2016-03-29 07:57:00.000000 UTC,Subscriber,Redwood City Caltrain Station,22
1096974,2016-02-18 07:56:00.000000 UTC,Subscriber,Redwood City Caltrain Station,22
1117975,2016-03-08 07:57:00.000000 UTC,Subscriber,Redwood City Caltrain Station,22
1119430,2016-03-09 07:55:00.000000 UTC,Subscriber,Redwood City Caltrain Station,22
1075714,2016-01-29 07:56:00.000000 UTC,Subscriber,Redwood City Caltrain Station,22
1094129,2016-02-16 07:56:00.000000 UTC,Subscriber,Redwood City Caltrain Station,22
1133827,2016-03-23 07:55:00.000000 UTC,Subscriber,Redwood City Caltrain Station,22
1071102,2016-01-26 08:01:00.000000 UTC,Subscriber,Redwood City Caltrain Station,22
1086529,2016-02-09 07:56:00.000000 UTC,Subscriber,Redwood City Caltrain Station,22
1098393,2016-02-19 07:55:00.000000 UTC,Subscriber,Redwood City Caltrain Station,22
1129020,2016-03-18 07:57:00.000000 UTC,Subscriber,Redwood City Caltrain Station,22
1082722,2016-02-05 07:55:00.000000 UTC,Subscriber,Redwood City Caltrain Station,22
1115086,2016-03-04 07:55:00.000000 UTC,Subscriber,Redwood City Caltrain Station,22
1051688,2016-01-05 07:57:00.000000 UTC,Subscriber,Redwood City Caltrain Station,22
1059384,2016-01-13 08:02:00.000000 UTC,Subscriber,Redwood City Caltrain Station,22
1125955,2016-03-16 07:56:00.000000 UTC,Subscriber,Redwood City Caltrain Station,22
1081377,2016-02-04 07:55:00.000000 UTC,Subscriber,Redwood City Caltrain Station,22
1108940,2016-02-29 07:56:00.000000 UTC,Subscriber,Redwood City Caltrain Station,22
1100412,2016-02-22 07:56:00.000000 UTC,Subscriber,Redwood City Caltrain Station,22
1102101,2016-02-23 07:56:00.000000 UTC,Subscriber,Redwood City Caltrain Station,22
1100604,2016-02-22 08:47:00.000000 UTC,Subscriber,Redwood City Caltrain Station,22
1132282,2016-03-22 07:56:00.000000 UTC,Subscriber,Redwood City Caltrain Station,22
1116538,2016-03-07 07:53:00.000000 UTC,Subscriber,Redwood City Caltrain Station,22
1084980,2016-02-08 07:58:00.000000 UTC,Subscriber,Redwood City Caltrain Station,22
1062088,2016-01-15 09:15:00.000000 UTC,Subscriber,Redwood City Caltrain Station,22
1127647,2016-03-17 08:22:00.000000 UTC,Subscriber,Redwood City Caltrain Station,22
1077384,2016-02-01 08:00:00.000000 UTC,Subscriber,Redwood City Caltrain Station,22
1066683,2016-01-21 07:56:00.000000 UTC,Subscriber,Redwood City Caltrain Station,22
1105249,2016-02-25 07:56:00.000000 UTC,Subscriber,Redwood City Caltrain Station,22
1136959,2016-03-25 07:57:00.000000 UTC,Subscriber,Redwood City Caltrain Station,22
1140818,2016-03-29 08:35:00.000000 UTC,Subscriber,Redwood City Caltrain Station,22
1054802,2016-01-08 07:55:00.000000 UTC,Subscriber,Redwood City Caltrain Station,22
1072641,2016-01-27 07:58:00.000000 UTC,Subscriber,Redwood City Caltrain Station,22
1068066,2016-01-22 07:56:00.000000 UTC,Subscriber,Redwood City Caltrain Station,22
1095844,2016-02-17 08:29:00.000000 UTC,Subscriber,Redwood City Caltrain Station,22
1056489,2016-01-11 07:58:00.000000 UTC,Subscriber,Redwood City Caltrain Station,22
1113709,2016-03-03 07:58:00.000000 UTC,Subscriber,Redwood City Caltrain Station,22
1060756,2016-01-14 07:54:00.000000 UTC,Subscriber,Redwood City Caltrain Station,22
1135530,2016-03-24 08:23:00.000000 UTC,Subscriber,Redwood City Caltrain Station,22
1108250,2016-02-27 15:47:00.000000 UTC,Subscriber,Redwood City Caltrain Station,22
1088067,2016-02-10 07:56:00.000000 UTC,Subscriber,Redwood City Caltrain Station,22
1103697,2016-02-24 07:58:00.000000 UTC,Subscriber,Redwood City Caltrain Station,22
1057941,2016-01-12 08:01:00.000000 UTC,Subscriber,Redwood City Caltrain Station,22
1120837,2016-03-10 07:58:00.000000 UTC,Subscriber,Redwood City Caltrain Station,22
1122862,2016-03-14 08:00:00.000000 UTC,Subscriber,Redwood City Caltrain Station,22
1064194,2016-01-19 07:54:00.000000 UTC,Subscriber,Redwood City Caltrain Station,22
1091123,2016-02-12 07:55:00.000000 UTC,Subscriber,Redwood City Caltrain Station,22
1089597,2016-02-11 07:56:00.000000 UTC,Subscriber,Redwood City Caltrain Station,22
1127553,2016-03-17 07:57:00.000000 UTC,Subscriber,Redwood City Caltrain Station,22
1135442,2016-03-24 07:56:00.000000 UTC,Subscriber,Redwood City Caltrain Station,22
1065176,2016-01-20 07:58:00.000000 UTC,Subscriber,Redwood City Caltrain Station,22
1126893,2016-03-16 17:06:00.000000 UTC,Subscriber,Redwood City Caltrain Station,22
1097850,2016-02-18 17:11:00.000000 UTC,Subscriber,Redwood City Caltrain Station,22
1127856,2016-03-17 09:20:00.000000 UTC,Subscriber,Redwood City Caltrain Station,22
1135291,2016-03-24 05:45:00.000000 UTC,Subscriber,Redwood City Caltrain Station,22
1108804,2016-02-29 06:20:00.000000 UTC,Subscriber,Redwood City Caltrain Station,22
1138946,2016-03-28 06:15:00.000000 UTC,Subscriber,Redwood City Caltrain Station,22
1130870,2016-03-21 06:18:00.000000 UTC,Subscriber,Redwood City Caltrain Station,22
1115053,2016-03-04 07:40:00.000000 UTC,Subscriber,Redwood City Caltrain Station,22
1083449,2016-02-05 16:34:00.000000 UTC,Subscriber,Redwood City Caltrain Station,22
1103967,2016-02-24 09:16:00.000000 UTC,Subscriber,Redwood City Caltrain Station,22
1073071,2016-01-27 09:58:00.000000 UTC,Subscriber,Redwood City Caltrain Station,22
1110954,2016-03-01 11:02:00.000000 UTC,Subscriber,Redwood City Caltrain Station,22
1088373,2016-02-10 09:17:00.000000 UTC,Subscriber,Redwood City Caltrain Station,22
1097349,2016-02-18 10:04:00.000000 UTC,Subscriber,Redwood City Caltrain Station,22
1081864,2016-02-04 12:01:00.000000 UTC,Subscriber,Redwood City Caltrain Station,22
1074546,2016-01-28 09:35:00.000000 UTC,Subscriber,Redwood City Caltrain Station,22
1127496,2016-03-17 07:30:00.000000 UTC,Subscriber,Redwood City Caltrain Station,22
1091106,2016-02-12 07:48:00.000000 UTC,Subscriber,Redwood City Caltrain Station,22
1091110,2016-02-12 07:49:00.000000 UTC,Subscriber,Redwood City Caltrain Station,22
1127497,2016-03-17 07:30:00.000000 UTC,Subscriber,Redwood City Caltrain Station,22
1082688,2016-02-05 07:42:00.000000 UTC,Subscriber,Redwood City Caltrain Station,22
1058268,2016-01-12 09:39:00.000000 UTC,Subscriber,Redwood City Caltrain Station,22
1074102,2016-01-28 07:22:00.000000 UTC,Subscriber,Redwood City Caltrain Station,22
1140596,2016-03-29 07:32:00.000000 UTC,Subscriber,Redwood City Caltrain Station,22
1113660,2016-03-03 07:29:00.000000 UTC,Subscriber,Redwood City Caltrain Station,22
1066618,2016-01-21 07:33:00.000000 UTC,Subscriber,Redwood City Caltrain Station,22
1087977,2016-02-10 07:23:00.000000 UTC,Subscriber,Redwood City Caltrain Station,22
1124296,2016-03-15 07:32:00.000000 UTC,Subscriber,Redwood City Caltrain Station,22
1117904,2016-03-08 07:31:00.000000 UTC,Subscriber,Redwood City Caltrain Station,22
1100343,2016-02-22 07:31:00.000000 UTC,Subscriber,Redwood City Caltrain Station,22
1112049,2016-03-02 07:23:00.000000 UTC,Subscriber,Redwood City Caltrain Station,22
1128975,2016-03-18 07:31:00.000000 UTC,Subscriber,Redwood City Caltrain Station,22
1056442,2016-01-11 07:31:00.000000 UTC,Subscriber,Redwood City Caltrain Station,22
1135396,2016-03-24 07:33:00.000000 UTC,Subscriber,Redwood City Caltrain Station,22
1065121,2016-01-20 07:33:00.000000 UTC,Subscriber,Redwood City Caltrain Station,22
1127492,2016-03-17 07:29:00.000000 UTC,Subscriber,Redwood City Caltrain Station,22
1136915,2016-03-25 07:33:00.000000 UTC,Subscriber,Redwood City Caltrain Station,22
1105174,2016-02-25 07:31:00.000000 UTC,Subscriber,Redwood City Caltrain Station,22
1084887,2016-02-08 07:24:00.000000 UTC,Subscriber,Redwood City Caltrain Station,22
1059312,2016-01-13 07:32:00.000000 UTC,Subscriber,Redwood City Caltrain Station,22
1125891,2016-03-16 07:24:00.000000 UTC,Subscriber,Redwood City Caltrain Station,22
1131115,2016-03-21 08:23:00.000000 UTC,Subscriber,Redwood City Caltrain Station,22
1079913,2016-02-03 07:33:00.000000 UTC,Subscriber,Redwood City Caltrain Station,22
1096917,2016-02-18 07:32:00.000000 UTC,Subscriber,Redwood City Caltrain Station,22
1089535,2016-02-11 07:31:00.000000 UTC,Subscriber,Redwood City Caltrain Station,22
1107071,2016-02-26 09:49:00.000000 UTC,Subscriber,Redwood City Caltrain Station,22
1142824,2016-03-30 10:37:00.000000 UTC,Subscriber,Redwood City Caltrain Station,22
1063587,2016-01-18 08:00:00.000000 UTC,Subscriber,San Mateo County Center,23
1078705,2016-02-02 08:03:00.000000 UTC,Subscriber,San Mateo County Center,23
1121713,2016-03-11 08:02:00.000000 UTC,Subscriber,San Mateo County Center,23
1109707,2016-02-29 16:27:00.000000 UTC,Subscriber,San Mateo County Center,23
1081885,2016-02-04 12:20:00.000000 UTC,Subscriber,Stanford in Redwood City,25
1100781,2016-02-22 09:38:00.000000 UTC,Subscriber,Redwood City Caltrain Station,22
1100873,2016-02-22 10:35:00.000000 UTC,Subscriber,Redwood City Caltrain Station,22
1142520,2016-03-30 09:00:00.000000 UTC,Subscriber,Redwood City Caltrain Station,22
1082996,2016-02-05 09:28:00.000000 UTC,Subscriber,Redwood City Caltrain Station,22
1123391,2016-03-14 12:51:00.000000 UTC,Subscriber,Redwood City Caltrain Station,22
1075880,2016-01-29 09:01:00.000000 UTC,Subscriber,Redwood City Caltrain Station,22
1139699,2016-03-28 12:56:00.000000 UTC,Subscriber,Redwood City Caltrain Station,22
1077901,2016-02-01 12:53:00.000000 UTC,Subscriber,Redwood City Caltrain Station,22
1106927,2016-02-26 08:58:00.000000 UTC,Subscriber,Redwood City Caltrain Station,22
1062038,2016-01-15 09:02:00.000000 UTC,Subscriber,Redwood City Caltrain Station,22
1091440,2016-02-12 09:59:00.000000 UTC,Subscriber,Redwood City Caltrain Station,22
1085567,2016-02-08 12:54:00.000000 UTC,Subscriber,Redwood City Caltrain Station,22
1105479,2016-02-25 08:58:00.000000 UTC,Subscriber,Redwood City Caltrain Station,22
1131487,2016-03-21 11:01:00.000000 UTC,Subscriber,Redwood City Caltrain Station,22
1053636,2016-01-07 09:01:00.000000 UTC,Subscriber,Redwood City Caltrain Station,22
1050818,2016-01-04 09:01:00.000000 UTC,Subscriber,Redwood City Caltrain Station,22
1097293,2016-02-18 09:32:00.000000 UTC,Subscriber,Redwood City Caltrain Station,22
1129211,2016-03-18 09:00:00.000000 UTC,Subscriber,Redwood City Caltrain Station,22
1134098,2016-03-23 09:00:00.000000 UTC,Subscriber,Redwood City Caltrain Station,22
1098686,2016-02-19 09:25:00.000000 UTC,Subscriber,Redwood City Caltrain Station,22
1074796,2016-01-28 13:01:00.000000 UTC,Subscriber,Redwood City Caltrain Station,22
1066773,2016-01-21 08:22:00.000000 UTC,Subscriber,Redwood City Caltrain Station,22
1074302,2016-01-28 08:22:00.000000 UTC,Subscriber,Redwood City Caltrain Station,22
1110810,2016-03-01 09:26:00.000000 UTC,Subscriber,Redwood City Caltrain Station,22
1091771,2016-02-12 15:21:00.000000 UTC,Subscriber,Redwood City Caltrain Station,22
1068369,2016-01-22 16:22:00.000000 UTC,Subscriber,Redwood City Caltrain Station,22
1136146,2016-03-24 15:21:00.000000 UTC,Subscriber,Redwood City Caltrain Station,22
1057553,2016-01-11 18:16:00.000000 UTC,Subscriber,Redwood City Caltrain Station,22
1115891,2016-03-04 19:13:00.000000 UTC,Subscriber,San Mateo County Center,23
1076085,2016-01-29 12:24:00.000000 UTC,Subscriber,San Mateo County Center,23
1104819,2016-02-24 18:15:00.000000 UTC,Subscriber,San Mateo County Center,23
1103203,2016-02-23 17:45:00.000000 UTC,Subscriber,San Mateo County Center,23
1092840,2016-02-14 05:04:00.000000 UTC,Subscriber,Mezes,83
1109713,2016-02-29 16:31:00.000000 UTC,Subscriber,Stanford in Redwood City,25
1085794,2016-02-08 16:30:00.000000 UTC,Subscriber,Stanford in Redwood City,25
1126779,2016-03-16 16:32:00.000000 UTC,Subscriber,Stanford in Redwood City,25
1125180,2016-03-15 16:32:00.000000 UTC,Subscriber,Stanford in Redwood City,25
1103327,2016-02-23 18:26:00.000000 UTC,Subscriber,Stanford in Redwood City,25
1073429,2016-01-27 16:34:00.000000 UTC,Subscriber,Stanford in Redwood City,25
1087324,2016-02-09 16:32:00.000000 UTC,Subscriber,Stanford in Redwood City,25
1136271,2016-03-24 16:35:00.000000 UTC,Subscriber,Stanford in Redwood City,25
1083434,2016-02-05 16:29:00.000000 UTC,Subscriber,Stanford in Redwood City,25
1118768,2016-03-08 16:30:00.000000 UTC,Subscriber,Stanford in Redwood City,25
1095110,2016-02-16 17:26:00.000000 UTC,Subscriber,Stanford in Redwood City,25
1079293,2016-02-02 16:33:00.000000 UTC,Subscriber,Stanford in Redwood City,25
1080707,2016-02-03 16:32:00.000000 UTC,Subscriber,Stanford in Redwood City,25
1104454,2016-02-24 16:31:00.000000 UTC,Subscriber,Stanford in Redwood City,25
1078067,2016-02-01 16:32:00.000000 UTC,Subscriber,Stanford in Redwood City,25
1114398,2016-03-03 16:36:00.000000 UTC,Subscriber,Stanford in Redwood City,25
1106039,2016-02-25 16:33:00.000000 UTC,Subscriber,Stanford in Redwood City,25
1071859,2016-01-26 16:36:00.000000 UTC,Subscriber,Stanford in Redwood City,25
1075029,2016-01-28 16:32:00.000000 UTC,Subscriber,Stanford in Redwood City,25
1088836,2016-02-10 16:33:00.000000 UTC,Subscriber,Stanford in Redwood City,25
1133080,2016-03-22 16:32:00.000000 UTC,Subscriber,Stanford in Redwood City,25
1097706,2016-02-18 16:33:00.000000 UTC,Subscriber,Stanford in Redwood City,25
1111302,2016-03-01 16:34:00.000000 UTC,Subscriber,Stanford in Redwood City,25
1051543,2016-01-04 19:49:00.000000 UTC,Subscriber,San Mateo County Center,23
1080566,2016-02-03 15:05:00.000000 UTC,Subscriber,Redwood City Public Library,24
1064535,2016-01-19 16:31:00.000000 UTC,Subscriber,Stanford in Redwood City,25
1067154,2016-01-21 12:02:00.000000 UTC,Subscriber,Stanford in Redwood City,25
1090476,2016-02-11 16:47:00.000000 UTC,Subscriber,Stanford in Redwood City,25
1130156,2016-03-18 20:49:00.000000 UTC,Subscriber,Redwood City Caltrain Station,22
1062796,2016-01-15 17:36:00.000000 UTC,Subscriber,Redwood City Caltrain Station,22
1121477,2016-03-10 18:08:00.000000 UTC,Subscriber,Redwood City Caltrain Station,22
1079608,2016-02-02 18:07:00.000000 UTC,Subscriber,Redwood City Caltrain Station,22
1051301,2016-01-04 17:08:00.000000 UTC,Subscriber,Redwood City Caltrain Station,22
1097908,2016-02-18 17:34:00.000000 UTC,Subscriber,Redwood City Caltrain Station,22
1083533,2016-02-05 17:07:00.000000 UTC,Subscriber,Redwood City Caltrain Station,22
1120296,2016-03-09 17:34:00.000000 UTC,Subscriber,Redwood City Caltrain Station,22
1127004,2016-03-16 17:36:00.000000 UTC,Subscriber,Redwood City Caltrain Station,22
1078381,2016-02-01 18:09:00.000000 UTC,Subscriber,Redwood City Caltrain Station,22
1076369,2016-01-29 18:07:00.000000 UTC,Subscriber,Redwood City Caltrain Station,22
1140228,2016-03-28 18:07:00.000000 UTC,Subscriber,Redwood City Caltrain Station,22
1096812,2016-02-17 19:35:00.000000 UTC,Subscriber,Redwood City Caltrain Station,22
1128621,2016-03-17 18:07:00.000000 UTC,Subscriber,Redwood City Caltrain Station,22
1080970,2016-02-03 18:08:00.000000 UTC,Subscriber,Redwood City Caltrain Station,22
1114664,2016-03-03 18:10:00.000000 UTC,Subscriber,Redwood City Caltrain Station,22
1123791,2016-03-14 17:33:00.000000 UTC,Subscriber,Redwood City Caltrain Station,22
1068467,2016-01-22 17:07:00.000000 UTC,Subscriber,Redwood City Caltrain Station,22
1052902,2016-01-06 15:57:00.000000 UTC,Subscriber,Redwood City Caltrain Station,22
1134883,2016-03-23 17:32:00.000000 UTC,Subscriber,Redwood City Caltrain Station,22
1067727,2016-01-21 18:08:00.000000 UTC,Subscriber,Redwood City Caltrain Station,22
1129807,2016-03-18 17:07:00.000000 UTC,Subscriber,Redwood City Caltrain Station,22
1099118,2016-02-19 17:07:00.000000 UTC,Subscriber,Redwood City Caltrain Station,22
1068760,2016-01-23 09:43:00.000000 UTC,Subscriber,Redwood City Caltrain Station,22
1111147,2016-03-01 15:01:00.000000 UTC,Subscriber,Redwood City Caltrain Station,22
1092841,2016-02-14 05:25:00.000000 UTC,Subscriber,Kaiser Hospital,26